ts,linea
1739435312,Log message 1: Event occurred
1739435313,Log message 2: Event occurred
1739435314,Log message 3: Event occurred
1739435315,Log message 4: Event occurred
1739435316,Log message 5: Event occurred
1739435317,Log message 6: Event occurred
1739435318,Log message 7: Event occurred
1739435319,Log message 8: Event occurred
1739435320,Log message 9: Event occurred
1739435321,Log message 10: Event occurred
1739435322,Log message 11: Event occurred
1739435323,Log message 12: Event occurred
1739435324,Log message 13: Event occurred
1739435325,Log message 14: Event occurred
1739435326,Log message 15: Event occurred
1739435327,Log message 16: Event occurred
1739435328,Log message 17: Event occurred
1739435329,Log message 18: Event occurred
1739435330,Log message 19: Event occurred
1739435331,Log message 20: Event occurred
1739435332,Log message 21: Event occurred
1739435333,Log message 22: Event occurred
1739435334,Log message 23: Event occurred
1739435335,Log message 24: Event occurred
1739435336,Log message 25: Event occurred
1739435337,Log message 26: Event occurred
1739435338,Log message 27: Event occurred
1739435339,Log message 28: Event occurred
1739435340,Log message 29: Event occurred
1739435341,Log message 30: Event occurred
1739435342,Log message 31: Event occurred
1739435343,Log message 32: Event occurred
1739435344,Log message 33: Event occurred
1739435345,Log message 34: Event occurred
1739435346,Log message 35: Event occurred
1739435347,Log message 36: Event occurred
1739435348,Log message 37: Event occurred
1739435349,Log message 38: Event occurred
1739435350,Log message 39: Event occurred
1739435351,Log message 40: Event occurred
1739435352,Log message 41: Event occurred
1739435353,Log message 42: Event occurred
1739435354,Log message 43: Event occurred
1739435355,Log message 44: Event occurred
1739435356,Log message 45: Event occurred
1739435357,Log message 46: Event occurred
1739435358,Log message 47: Event occurred
1739435359,Log message 48: Event occurred
1739435360,Log message 49: Event occurred
1739435361,Log message 50: Event occurred
1739435362,Log message 51: Event occurred
1739435363,Log message 52: Event occurred
1739435364,Log message 53: Event occurred
1739435365,Log message 54: Event occurred
1739435366,Log message 55: Event occurred
1739435367,Log message 56: Event occurred
1739435368,Log message 57: Event occurred
1739435369,Log message 58: Event occurred
1739435370,Log message 59: Event occurred
1739435371,Log message 60: Event occurred
1739435372,Log message 61: Event occurred
1739435373,Log message 62: Event occurred
1739435374,Log message 63: Event occurred
1739435375,Log message 64: Event occurred
1739435376,Log message 65: Event occurred
1739435377,Log message 66: Event occurred
1739435378,Log message 67: Event occurred
1739435379,Log message 68: Event occurred
1739435380,Log message 69: Event occurred
1739435381,Log message 70: Event occurred
1739435382,Log message 71: Event occurred
1739435383,Log message 72: Event occurred
1739435384,Log message 73: Event occurred
1739435385,Log message 74: Event occurred
1739435386,Log message 75: Event occurred
1739435387,Log message 76: Event occurred
1739435388,Log message 77: Event occurred
1739435389,Log message 78: Event occurred
1739435390,Log message 79: Event occurred
1739435391,Log message 80: Event occurred
1739435392,Log message 81: Event occurred
1739435393,Log message 82: Event occurred
1739435394,Log message 83: Event occurred
1739435395,Log message 84: Event occurred
1739435396,Log message 85: Event occurred
1739435397,Log message 86: Event occurred
1739435398,Log message 87: Event occurred
1739435399,Log message 88: Event occurred
1739435400,Log message 89: Event occurred
1739435401,Log message 90: Event occurred
1739435402,Log message 91: Event occurred
1739435403,Log message 92: Event occurred
1739435404,Log message 93: Event occurred
1739435405,Log message 94: Event occurred
1739435406,Log message 95: Event occurred
1739435407,Log message 96: Event occurred
1739435408,Log message 97: Event occurred
1739435409,Log message 98: Event occurred
1739435410,Log message 99: Event occurred
1739435411,Log message 100: Event occurred
1739435412,Log message 101: Event occurred
1739435413,Log message 102: Event occurred
1739435414,Log message 103: Event occurred
1739435415,Log message 104: Event occurred
1739435416,Log message 105: Event occurred
1739435417,Log message 106: Event occurred
1739435418,Log message 107: Event occurred
1739435419,Log message 108: Event occurred
1739435420,Log message 109: Event occurred
1739435421,Log message 110: Event occurred
1739435422,Log message 111: Event occurred
1739435423,Log message 112: Event occurred
1739435424,Log message 113: Event occurred
1739435425,Log message 114: Event occurred
1739435426,Log message 115: Event occurred
1739435427,Log message 116: Event occurred
1739435428,Log message 117: Event occurred
1739435429,Log message 118: Event occurred
1739435430,Log message 119: Event occurred
1739435431,Log message 120: Event occurred
1739435432,Log message 121: Event occurred
1739435433,Log message 122: Event occurred
1739435434,Log message 123: Event occurred
1739435435,Log message 124: Event occurred
1739435436,Log message 125: Event occurred
1739435437,Log message 126: Event occurred
1739435438,Log message 127: Event occurred
1739435439,Log message 128: Event occurred
1739435440,Log message 129: Event occurred
1739435441,Log message 130: Event occurred
1739435442,Log message 131: Event occurred
1739435443,Log message 132: Event occurred
1739435444,Log message 133: Event occurred
1739435445,Log message 134: Event occurred
1739435446,Log message 135: Event occurred
1739435447,Log message 136: Event occurred
1739435448,Log message 137: Event occurred
1739435449,Log message 138: Event occurred
1739435450,Log message 139: Event occurred
1739435451,Log message 140: Event occurred
1739435452,Log message 141: Event occurred
1739435453,Log message 142: Event occurred
1739435454,Log message 143: Event occurred
1739435455,Log message 144: Event occurred
1739435456,Log message 145: Event occurred
1739435457,Log message 146: Event occurred
1739435458,Log message 147: Event occurred
1739435459,Log message 148: Event occurred
1739435460,Log message 149: Event occurred
1739435461,Log message 150: Event occurred
1739435462,Log message 151: Event occurred
1739435463,Log message 152: Event occurred
1739435464,Log message 153: Event occurred
1739435465,Log message 154: Event occurred
1739435466,Log message 155: Event occurred
1739435467,Log message 156: Event occurred
1739435468,Log message 157: Event occurred
1739435469,Log message 158: Event occurred
1739435470,Log message 159: Event occurred
1739435471,Log message 160: Event occurred
1739435472,Log message 161: Event occurred
1739435473,Log message 162: Event occurred
1739435474,Log message 163: Event occurred
1739435475,Log message 164: Event occurred
1739435476,Log message 165: Event occurred
1739435477,Log message 166: Event occurred
1739435478,Log message 167: Event occurred
1739435479,Log message 168: Event occurred
1739435480,Log message 169: Event occurred
1739435481,Log message 170: Event occurred
1739435482,Log message 171: Event occurred
1739435483,Log message 172: Event occurred
1739435484,Log message 173: Event occurred
1739435485,Log message 174: Event occurred
1739435486,Log message 175: Event occurred
1739435487,Log message 176: Event occurred
1739435488,Log message 177: Event occurred
1739435489,Log message 178: Event occurred
1739435490,Log message 179: Event occurred
1739435491,Log message 180: Event occurred
1739435492,Log message 181: Event occurred
1739435493,Log message 182: Event occurred
1739435494,Log message 183: Event occurred
1739435495,Log message 184: Event occurred
1739435496,Log message 185: Event occurred
1739435497,Log message 186: Event occurred
1739435498,Log message 187: Event occurred
1739435499,Log message 188: Event occurred
1739435500,Log message 189: Event occurred
1739435501,Log message 190: Event occurred
1739435502,Log message 191: Event occurred
1739435503,Log message 192: Event occurred
1739435504,Log message 193: Event occurred
1739435505,Log message 194: Event occurred
1739435506,Log message 195: Event occurred
1739435507,Log message 196: Event occurred
1739435508,Log message 197: Event occurred
1739435509,Log message 198: Event occurred
1739435510,Log message 199: Event occurred
1739435511,Log message 200: Event occurred
1739435512,Log message 201: Event occurred
1739435513,Log message 202: Event occurred
1739435514,Log message 203: Event occurred
1739435515,Log message 204: Event occurred
1739435516,Log message 205: Event occurred
1739435517,Log message 206: Event occurred
1739435518,Log message 207: Event occurred
1739435519,Log message 208: Event occurred
1739435520,Log message 209: Event occurred
1739435521,Log message 210: Event occurred
1739435522,Log message 211: Event occurred
1739435523,Log message 212: Event occurred
1739435524,Log message 213: Event occurred
1739435525,Log message 214: Event occurred
1739435526,Log message 215: Event occurred
1739435527,Log message 216: Event occurred
1739435528,Log message 217: Event occurred
1739435529,Log message 218: Event occurred
1739435530,Log message 219: Event occurred
1739435531,Log message 220: Event occurred
1739435532,Log message 221: Event occurred
1739435533,Log message 222: Event occurred
1739435534,Log message 223: Event occurred
1739435535,Log message 224: Event occurred
1739435536,Log message 225: Event occurred
1739435537,Log message 226: Event occurred
1739435538,Log message 227: Event occurred
1739435539,Log message 228: Event occurred
1739435540,Log message 229: Event occurred
1739435541,Log message 230: Event occurred
1739435542,Log message 231: Event occurred
1739435543,Log message 232: Event occurred
1739435544,Log message 233: Event occurred
1739435545,Log message 234: Event occurred
1739435546,Log message 235: Event occurred
1739435547,Log message 236: Event occurred
1739435548,Log message 237: Event occurred
1739435549,Log message 238: Event occurred
1739435550,Log message 239: Event occurred
1739435551,Log message 240: Event occurred
1739435552,Log message 241: Event occurred
1739435553,Log message 242: Event occurred
1739435554,Log message 243: Event occurred
1739435555,Log message 244: Event occurred
1739435556,Log message 245: Event occurred
1739435557,Log message 246: Event occurred
1739435558,Log message 247: Event occurred
1739435559,Log message 248: Event occurred
1739435560,Log message 249: Event occurred
1739435561,Log message 250: Event occurred
1739435562,Log message 251: Event occurred
1739435563,Log message 252: Event occurred
1739435564,Log message 253: Event occurred
1739435565,Log message 254: Event occurred
1739435566,Log message 255: Event occurred
1739435567,Log message 256: Event occurred
1739435568,Log message 257: Event occurred
1739435569,Log message 258: Event occurred
1739435570,Log message 259: Event occurred
1739435571,Log message 260: Event occurred
1739435572,Log message 261: Event occurred
1739435573,Log message 262: Event occurred
1739435574,Log message 263: Event occurred
1739435575,Log message 264: Event occurred
1739435576,Log message 265: Event occurred
1739435577,Log message 266: Event occurred
1739435578,Log message 267: Event occurred
1739435579,Log message 268: Event occurred
1739435580,Log message 269: Event occurred
1739435581,Log message 270: Event occurred
1739435582,Log message 271: Event occurred
1739435583,Log message 272: Event occurred
1739435584,Log message 273: Event occurred
1739435585,Log message 274: Event occurred
1739435586,Log message 275: Event occurred
1739435587,Log message 276: Event occurred
1739435588,Log message 277: Event occurred
1739435589,Log message 278: Event occurred
1739435590,Log message 279: Event occurred
1739435591,Log message 280: Event occurred
1739435592,Log message 281: Event occurred
1739435593,Log message 282: Event occurred
1739435594,Log message 283: Event occurred
1739435595,Log message 284: Event occurred
1739435596,Log message 285: Event occurred
1739435597,Log message 286: Event occurred
1739435598,Log message 287: Event occurred
1739435599,Log message 288: Event occurred
1739435600,Log message 289: Event occurred
1739435601,Log message 290: Event occurred
1739435602,Log message 291: Event occurred
1739435603,Log message 292: Event occurred
1739435604,Log message 293: Event occurred
1739435605,Log message 294: Event occurred
1739435606,Log message 295: Event occurred
1739435607,Log message 296: Event occurred
1739435608,Log message 297: Event occurred
1739435609,Log message 298: Event occurred
1739435610,Log message 299: Event occurred
1739435611,Log message 300: Event occurred
1739435612,Log message 301: Event occurred
1739435613,Log message 302: Event occurred
1739435614,Log message 303: Event occurred
1739435615,Log message 304: Event occurred
1739435616,Log message 305: Event occurred
1739435617,Log message 306: Event occurred
1739435618,Log message 307: Event occurred
1739435619,Log message 308: Event occurred
1739435620,Log message 309: Event occurred
1739435621,Log message 310: Event occurred
1739435622,Log message 311: Event occurred
1739435623,Log message 312: Event occurred
1739435624,Log message 313: Event occurred
1739435625,Log message 314: Event occurred
1739435626,Log message 315: Event occurred
1739435627,Log message 316: Event occurred
1739435628,Log message 317: Event occurred
1739435629,Log message 318: Event occurred
1739435630,Log message 319: Event occurred
1739435631,Log message 320: Event occurred
1739435632,Log message 321: Event occurred
1739435633,Log message 322: Event occurred
1739435634,Log message 323: Event occurred
1739435635,Log message 324: Event occurred
1739435636,Log message 325: Event occurred
1739435637,Log message 326: Event occurred
1739435638,Log message 327: Event occurred
1739435639,Log message 328: Event occurred
1739435640,Log message 329: Event occurred
1739435641,Log message 330: Event occurred
1739435642,Log message 331: Event occurred
1739435643,Log message 332: Event occurred
1739435644,Log message 333: Event occurred
1739435645,Log message 334: Event occurred
1739435646,Log message 335: Event occurred
1739435647,Log message 336: Event occurred
1739435648,Log message 337: Event occurred
1739435649,Log message 338: Event occurred
1739435650,Log message 339: Event occurred
1739435651,Log message 340: Event occurred
1739435652,Log message 341: Event occurred
1739435653,Log message 342: Event occurred
1739435654,Log message 343: Event occurred
1739435655,Log message 344: Event occurred
1739435656,Log message 345: Event occurred
1739435657,Log message 346: Event occurred
1739435658,Log message 347: Event occurred
1739435659,Log message 348: Event occurred
1739435660,Log message 349: Event occurred
1739435661,Log message 350: Event occurred
1739435662,Log message 351: Event occurred
1739435663,Log message 352: Event occurred
1739435664,Log message 353: Event occurred
1739435665,Log message 354: Event occurred
1739435666,Log message 355: Event occurred
1739435667,Log message 356: Event occurred
1739435668,Log message 357: Event occurred
1739435669,Log message 358: Event occurred
1739435670,Log message 359: Event occurred
1739435671,Log message 360: Event occurred
1739435672,Log message 361: Event occurred
1739435673,Log message 362: Event occurred
1739435674,Log message 363: Event occurred
1739435675,Log message 364: Event occurred
1739435676,Log message 365: Event occurred
1739435677,Log message 366: Event occurred
1739435678,Log message 367: Event occurred
1739435679,Log message 368: Event occurred
1739435680,Log message 369: Event occurred
1739435681,Log message 370: Event occurred
1739435682,Log message 371: Event occurred
1739435683,Log message 372: Event occurred
1739435684,Log message 373: Event occurred
1739435685,Log message 374: Event occurred
1739435686,Log message 375: Event occurred
1739435687,Log message 376: Event occurred
1739435688,Log message 377: Event occurred
1739435689,Log message 378: Event occurred
1739435690,Log message 379: Event occurred
1739435691,Log message 380: Event occurred
1739435692,Log message 381: Event occurred
1739435693,Log message 382: Event occurred
1739435694,Log message 383: Event occurred
1739435695,Log message 384: Event occurred
1739435696,Log message 385: Event occurred
1739435697,Log message 386: Event occurred
1739435698,Log message 387: Event occurred
1739435699,Log message 388: Event occurred
1739435700,Log message 389: Event occurred
1739435701,Log message 390: Event occurred
1739435702,Log message 391: Event occurred
1739435703,Log message 392: Event occurred
1739435704,Log message 393: Event occurred
1739435705,Log message 394: Event occurred
1739435706,Log message 395: Event occurred
1739435707,Log message 396: Event occurred
1739435708,Log message 397: Event occurred
1739435709,Log message 398: Event occurred
1739435710,Log message 399: Event occurred
1739435711,Log message 400: Event occurred
1739435712,Log message 401: Event occurred
1739435713,Log message 402: Event occurred
1739435714,Log message 403: Event occurred
1739435715,Log message 404: Event occurred
1739435716,Log message 405: Event occurred
1739435717,Log message 406: Event occurred
1739435718,Log message 407: Event occurred
1739435719,Log message 408: Event occurred
1739435720,Log message 409: Event occurred
1739435721,Log message 410: Event occurred
1739435722,Log message 411: Event occurred
1739435723,Log message 412: Event occurred
1739435724,Log message 413: Event occurred
1739435725,Log message 414: Event occurred
1739435726,Log message 415: Event occurred
1739435727,Log message 416: Event occurred
1739435728,Log message 417: Event occurred
1739435729,Log message 418: Event occurred
1739435730,Log message 419: Event occurred
1739435731,Log message 420: Event occurred
1739435732,Log message 421: Event occurred
1739435733,Log message 422: Event occurred
1739435734,Log message 423: Event occurred
1739435735,Log message 424: Event occurred
1739435736,Log message 425: Event occurred
1739435737,Log message 426: Event occurred
1739435738,Log message 427: Event occurred
1739435739,Log message 428: Event occurred
1739435740,Log message 429: Event occurred
1739435741,Log message 430: Event occurred
1739435742,Log message 431: Event occurred
1739435743,Log message 432: Event occurred
1739435744,Log message 433: Event occurred
1739435745,Log message 434: Event occurred
1739435746,Log message 435: Event occurred
1739435747,Log message 436: Event occurred
1739435748,Log message 437: Event occurred
1739435749,Log message 438: Event occurred
1739435750,Log message 439: Event occurred
1739435751,Log message 440: Event occurred
1739435752,Log message 441: Event occurred
1739435753,Log message 442: Event occurred
1739435754,Log message 443: Event occurred
1739435755,Log message 444: Event occurred
1739435756,Log message 445: Event occurred
1739435757,Log message 446: Event occurred
1739435758,Log message 447: Event occurred
1739435759,Log message 448: Event occurred
1739435760,Log message 449: Event occurred
1739435761,Log message 450: Event occurred
1739435762,Log message 451: Event occurred
1739435763,Log message 452: Event occurred
1739435764,Log message 453: Event occurred
1739435765,Log message 454: Event occurred
1739435766,Log message 455: Event occurred
1739435767,Log message 456: Event occurred
1739435768,Log message 457: Event occurred
1739435769,Log message 458: Event occurred
1739435770,Log message 459: Event occurred
1739435771,Log message 460: Event occurred
1739435772,Log message 461: Event occurred
1739435773,Log message 462: Event occurred
1739435774,Log message 463: Event occurred
1739435775,Log message 464: Event occurred
1739435776,Log message 465: Event occurred
1739435777,Log message 466: Event occurred
1739435778,Log message 467: Event occurred
1739435779,Log message 468: Event occurred
1739435780,Log message 469: Event occurred
1739435781,Log message 470: Event occurred
1739435782,Log message 471: Event occurred
1739435783,Log message 472: Event occurred
1739435784,Log message 473: Event occurred
1739435785,Log message 474: Event occurred
1739435786,Log message 475: Event occurred
1739435787,Log message 476: Event occurred
1739435788,Log message 477: Event occurred
1739435789,Log message 478: Event occurred
1739435790,Log message 479: Event occurred
1739435791,Log message 480: Event occurred
1739435792,Log message 481: Event occurred
1739435793,Log message 482: Event occurred
1739435794,Log message 483: Event occurred
1739435795,Log message 484: Event occurred
1739435796,Log message 485: Event occurred
1739435797,Log message 486: Event occurred
1739435798,Log message 487: Event occurred
1739435799,Log message 488: Event occurred
1739435800,Log message 489: Event occurred
1739435801,Log message 490: Event occurred
1739435802,Log message 491: Event occurred
1739435803,Log message 492: Event occurred
1739435804,Log message 493: Event occurred
1739435805,Log message 494: Event occurred
1739435806,Log message 495: Event occurred
1739435807,Log message 496: Event occurred
1739435808,Log message 497: Event occurred
1739435809,Log message 498: Event occurred
1739435810,Log message 499: Event occurred
1739435811,Log message 500: Event occurred
1739435812,Log message 501: Event occurred
1739435813,Log message 502: Event occurred
1739435814,Log message 503: Event occurred
1739435815,Log message 504: Event occurred
1739435816,Log message 505: Event occurred
1739435817,Log message 506: Event occurred
1739435818,Log message 507: Event occurred
1739435819,Log message 508: Event occurred
1739435820,Log message 509: Event occurred
1739435821,Log message 510: Event occurred
1739435822,Log message 511: Event occurred
1739435823,Log message 512: Event occurred
1739435824,Log message 513: Event occurred
1739435825,Log message 514: Event occurred
1739435826,Log message 515: Event occurred
1739435827,Log message 516: Event occurred
1739435828,Log message 517: Event occurred
1739435829,Log message 518: Event occurred
1739435830,Log message 519: Event occurred
1739435831,Log message 520: Event occurred
1739435832,Log message 521: Event occurred
1739435833,Log message 522: Event occurred
1739435834,Log message 523: Event occurred
1739435835,Log message 524: Event occurred
1739435836,Log message 525: Event occurred
1739435837,Log message 526: Event occurred
1739435838,Log message 527: Event occurred
1739435839,Log message 528: Event occurred
1739435840,Log message 529: Event occurred
1739435841,Log message 530: Event occurred
1739435842,Log message 531: Event occurred
1739435843,Log message 532: Event occurred
1739435844,Log message 533: Event occurred
1739435845,Log message 534: Event occurred
1739435846,Log message 535: Event occurred
1739435847,Log message 536: Event occurred
1739435848,Log message 537: Event occurred
1739435849,Log message 538: Event occurred
1739435850,Log message 539: Event occurred
1739435851,Log message 540: Event occurred
1739435852,Log message 541: Event occurred
1739435853,Log message 542: Event occurred
1739435854,Log message 543: Event occurred
1739435855,Log message 544: Event occurred
1739435856,Log message 545: Event occurred
1739435857,Log message 546: Event occurred
1739435858,Log message 547: Event occurred
1739435859,Log message 548: Event occurred
1739435860,Log message 549: Event occurred
1739435861,Log message 550: Event occurred
1739435862,Log message 551: Event occurred
1739435863,Log message 552: Event occurred
1739435864,Log message 553: Event occurred
1739435865,Log message 554: Event occurred
1739435866,Log message 555: Event occurred
1739435867,Log message 556: Event occurred
1739435868,Log message 557: Event occurred
1739435869,Log message 558: Event occurred
1739435870,Log message 559: Event occurred
1739435871,Log message 560: Event occurred
1739435872,Log message 561: Event occurred
1739435873,Log message 562: Event occurred
1739435874,Log message 563: Event occurred
1739435875,Log message 564: Event occurred
1739435876,Log message 565: Event occurred
1739435877,Log message 566: Event occurred
1739435878,Log message 567: Event occurred
1739435879,Log message 568: Event occurred
1739435880,Log message 569: Event occurred
1739435881,Log message 570: Event occurred
1739435882,Log message 571: Event occurred
1739435883,Log message 572: Event occurred
1739435884,Log message 573: Event occurred
1739435885,Log message 574: Event occurred
1739435886,Log message 575: Event occurred
1739435887,Log message 576: Event occurred
1739435888,Log message 577: Event occurred
1739435889,Log message 578: Event occurred
1739435890,Log message 579: Event occurred
1739435891,Log message 580: Event occurred
1739435892,Log message 581: Event occurred
1739435893,Log message 582: Event occurred
1739435894,Log message 583: Event occurred
1739435895,Log message 584: Event occurred
1739435896,Log message 585: Event occurred
1739435897,Log message 586: Event occurred
1739435898,Log message 587: Event occurred
1739435899,Log message 588: Event occurred
1739435900,Log message 589: Event occurred
1739435901,Log message 590: Event occurred
1739435902,Log message 591: Event occurred
1739435903,Log message 592: Event occurred
1739435904,Log message 593: Event occurred
1739435905,Log message 594: Event occurred
1739435906,Log message 595: Event occurred
1739435907,Log message 596: Event occurred
1739435908,Log message 597: Event occurred
1739435909,Log message 598: Event occurred
1739435910,Log message 599: Event occurred
1739435911,Log message 600: Event occurred
1739435912,Log message 601: Event occurred
1739435913,Log message 602: Event occurred
1739435914,Log message 603: Event occurred
1739435915,Log message 604: Event occurred
1739435916,Log message 605: Event occurred
1739435917,Log message 606: Event occurred
1739435918,Log message 607: Event occurred
1739435919,Log message 608: Event occurred
1739435920,Log message 609: Event occurred
1739435921,Log message 610: Event occurred
1739435922,Log message 611: Event occurred
1739435923,Log message 612: Event occurred
1739435924,Log message 613: Event occurred
1739435925,Log message 614: Event occurred
1739435926,Log message 615: Event occurred
1739435927,Log message 616: Event occurred
1739435928,Log message 617: Event occurred
1739435929,Log message 618: Event occurred
1739435930,Log message 619: Event occurred
1739435931,Log message 620: Event occurred
1739435932,Log message 621: Event occurred
1739435933,Log message 622: Event occurred
1739435934,Log message 623: Event occurred
1739435935,Log message 624: Event occurred
1739435936,Log message 625: Event occurred
1739435937,Log message 626: Event occurred
1739435938,Log message 627: Event occurred
1739435939,Log message 628: Event occurred
1739435940,Log message 629: Event occurred
1739435941,Log message 630: Event occurred
1739435942,Log message 631: Event occurred
1739435943,Log message 632: Event occurred
1739435944,Log message 633: Event occurred
1739435945,Log message 634: Event occurred
1739435946,Log message 635: Event occurred
1739435947,Log message 636: Event occurred
1739435948,Log message 637: Event occurred
1739435949,Log message 638: Event occurred
1739435950,Log message 639: Event occurred
1739435951,Log message 640: Event occurred
1739435952,Log message 641: Event occurred
1739435953,Log message 642: Event occurred
1739435954,Log message 643: Event occurred
1739435955,Log message 644: Event occurred
1739435956,Log message 645: Event occurred
1739435957,Log message 646: Event occurred
1739435958,Log message 647: Event occurred
1739435959,Log message 648: Event occurred
1739435960,Log message 649: Event occurred
1739435961,Log message 650: Event occurred
1739435962,Log message 651: Event occurred
1739435963,Log message 652: Event occurred
1739435964,Log message 653: Event occurred
1739435965,Log message 654: Event occurred
1739435966,Log message 655: Event occurred
1739435967,Log message 656: Event occurred
1739435968,Log message 657: Event occurred
1739435969,Log message 658: Event occurred
1739435970,Log message 659: Event occurred
1739435971,Log message 660: Event occurred
1739435972,Log message 661: Event occurred
1739435973,Log message 662: Event occurred
1739435974,Log message 663: Event occurred
1739435975,Log message 664: Event occurred
1739435976,Log message 665: Event occurred
1739435977,Log message 666: Event occurred
1739435978,Log message 667: Event occurred
1739435979,Log message 668: Event occurred
1739435980,Log message 669: Event occurred
1739435981,Log message 670: Event occurred
1739435982,Log message 671: Event occurred
1739435983,Log message 672: Event occurred
1739435984,Log message 673: Event occurred
1739435985,Log message 674: Event occurred
1739435986,Log message 675: Event occurred
1739435987,Log message 676: Event occurred
1739435988,Log message 677: Event occurred
1739435989,Log message 678: Event occurred
1739435990,Log message 679: Event occurred
1739435991,Log message 680: Event occurred
1739435992,Log message 681: Event occurred
1739435993,Log message 682: Event occurred
1739435994,Log message 683: Event occurred
1739435995,Log message 684: Event occurred
1739435996,Log message 685: Event occurred
1739435997,Log message 686: Event occurred
1739435998,Log message 687: Event occurred
1739435999,Log message 688: Event occurred
1739436000,Log message 689: Event occurred
1739436001,Log message 690: Event occurred
1739436002,Log message 691: Event occurred
1739436003,Log message 692: Event occurred
1739436004,Log message 693: Event occurred
1739436005,Log message 694: Event occurred
1739436006,Log message 695: Event occurred
1739436007,Log message 696: Event occurred
1739436008,Log message 697: Event occurred
1739436009,Log message 698: Event occurred
1739436010,Log message 699: Event occurred
1739436011,Log message 700: Event occurred
1739436012,Log message 701: Event occurred
1739436013,Log message 702: Event occurred
1739436014,Log message 703: Event occurred
1739436015,Log message 704: Event occurred
1739436016,Log message 705: Event occurred
1739436017,Log message 706: Event occurred
1739436018,Log message 707: Event occurred
1739436019,Log message 708: Event occurred
1739436020,Log message 709: Event occurred
1739436021,Log message 710: Event occurred
1739436022,Log message 711: Event occurred
1739436023,Log message 712: Event occurred
1739436024,Log message 713: Event occurred
1739436025,Log message 714: Event occurred
1739436026,Log message 715: Event occurred
1739436027,Log message 716: Event occurred
1739436028,Log message 717: Event occurred
1739436029,Log message 718: Event occurred
1739436030,Log message 719: Event occurred
1739436031,Log message 720: Event occurred
1739436032,Log message 721: Event occurred
1739436033,Log message 722: Event occurred
1739436034,Log message 723: Event occurred
1739436035,Log message 724: Event occurred
1739436036,Log message 725: Event occurred
1739436037,Log message 726: Event occurred
1739436038,Log message 727: Event occurred
1739436039,Log message 728: Event occurred
1739436040,Log message 729: Event occurred
1739436041,Log message 730: Event occurred
1739436042,Log message 731: Event occurred
1739436043,Log message 732: Event occurred
1739436044,Log message 733: Event occurred
1739436045,Log message 734: Event occurred
1739436046,Log message 735: Event occurred
1739436047,Log message 736: Event occurred
1739436048,Log message 737: Event occurred
1739436049,Log message 738: Event occurred
1739436050,Log message 739: Event occurred
1739436051,Log message 740: Event occurred
1739436052,Log message 741: Event occurred
1739436053,Log message 742: Event occurred
1739436054,Log message 743: Event occurred
1739436055,Log message 744: Event occurred
1739436056,Log message 745: Event occurred
1739436057,Log message 746: Event occurred
1739436058,Log message 747: Event occurred
1739436059,Log message 748: Event occurred
1739436060,Log message 749: Event occurred
1739436061,Log message 750: Event occurred
1739436062,Log message 751: Event occurred
1739436063,Log message 752: Event occurred
1739436064,Log message 753: Event occurred
1739436065,Log message 754: Event occurred
1739436066,Log message 755: Event occurred
1739436067,Log message 756: Event occurred
1739436068,Log message 757: Event occurred
1739436069,Log message 758: Event occurred
1739436070,Log message 759: Event occurred
1739436071,Log message 760: Event occurred
1739436072,Log message 761: Event occurred
1739436073,Log message 762: Event occurred
1739436074,Log message 763: Event occurred
1739436075,Log message 764: Event occurred
1739436076,Log message 765: Event occurred
1739436077,Log message 766: Event occurred
1739436078,Log message 767: Event occurred
1739436079,Log message 768: Event occurred
1739436080,Log message 769: Event occurred
1739436081,Log message 770: Event occurred
1739436082,Log message 771: Event occurred
1739436083,Log message 772: Event occurred
1739436084,Log message 773: Event occurred
1739436085,Log message 774: Event occurred
1739436086,Log message 775: Event occurred
1739436087,Log message 776: Event occurred
1739436088,Log message 777: Event occurred
1739436089,Log message 778: Event occurred
1739436090,Log message 779: Event occurred
1739436091,Log message 780: Event occurred
1739436092,Log message 781: Event occurred
1739436093,Log message 782: Event occurred
1739436094,Log message 783: Event occurred
1739436095,Log message 784: Event occurred
1739436096,Log message 785: Event occurred
1739436097,Log message 786: Event occurred
1739436098,Log message 787: Event occurred
1739436099,Log message 788: Event occurred
1739436100,Log message 789: Event occurred
1739436101,Log message 790: Event occurred
1739436102,Log message 791: Event occurred
1739436103,Log message 792: Event occurred
1739436104,Log message 793: Event occurred
1739436105,Log message 794: Event occurred
1739436106,Log message 795: Event occurred
1739436107,Log message 796: Event occurred
1739436108,Log message 797: Event occurred
1739436109,Log message 798: Event occurred
1739436110,Log message 799: Event occurred
1739436111,Log message 800: Event occurred
1739436112,Log message 801: Event occurred
1739436113,Log message 802: Event occurred
1739436114,Log message 803: Event occurred
1739436115,Log message 804: Event occurred
1739436116,Log message 805: Event occurred
1739436117,Log message 806: Event occurred
1739436118,Log message 807: Event occurred
1739436119,Log message 808: Event occurred
1739436120,Log message 809: Event occurred
1739436121,Log message 810: Event occurred
1739436122,Log message 811: Event occurred
1739436123,Log message 812: Event occurred
1739436124,Log message 813: Event occurred
1739436125,Log message 814: Event occurred
1739436126,Log message 815: Event occurred
1739436127,Log message 816: Event occurred
1739436128,Log message 817: Event occurred
1739436129,Log message 818: Event occurred
1739436130,Log message 819: Event occurred
1739436131,Log message 820: Event occurred
1739436132,Log message 821: Event occurred
1739436133,Log message 822: Event occurred
1739436134,Log message 823: Event occurred
1739436135,Log message 824: Event occurred
1739436136,Log message 825: Event occurred
1739436137,Log message 826: Event occurred
1739436138,Log message 827: Event occurred
1739436139,Log message 828: Event occurred
1739436140,Log message 829: Event occurred
1739436141,Log message 830: Event occurred
1739436142,Log message 831: Event occurred
1739436143,Log message 832: Event occurred
1739436144,Log message 833: Event occurred
1739436145,Log message 834: Event occurred
1739436146,Log message 835: Event occurred
1739436147,Log message 836: Event occurred
1739436148,Log message 837: Event occurred
1739436149,Log message 838: Event occurred
1739436150,Log message 839: Event occurred
1739436151,Log message 840: Event occurred
1739436152,Log message 841: Event occurred
1739436153,Log message 842: Event occurred
1739436154,Log message 843: Event occurred
1739436155,Log message 844: Event occurred
1739436156,Log message 845: Event occurred
1739436157,Log message 846: Event occurred
1739436158,Log message 847: Event occurred
1739436159,Log message 848: Event occurred
1739436160,Log message 849: Event occurred
1739436161,Log message 850: Event occurred
1739436162,Log message 851: Event occurred
1739436163,Log message 852: Event occurred
1739436164,Log message 853: Event occurred
1739436165,Log message 854: Event occurred
1739436166,Log message 855: Event occurred
1739436167,Log message 856: Event occurred
1739436168,Log message 857: Event occurred
1739436169,Log message 858: Event occurred
1739436170,Log message 859: Event occurred
1739436171,Log message 860: Event occurred
1739436172,Log message 861: Event occurred
1739436173,Log message 862: Event occurred
1739436174,Log message 863: Event occurred
1739436175,Log message 864: Event occurred
1739436176,Log message 865: Event occurred
1739436177,Log message 866: Event occurred
1739436178,Log message 867: Event occurred
1739436179,Log message 868: Event occurred
1739436180,Log message 869: Event occurred
1739436181,Log message 870: Event occurred
1739436182,Log message 871: Event occurred
1739436183,Log message 872: Event occurred
1739436184,Log message 873: Event occurred
1739436185,Log message 874: Event occurred
1739436186,Log message 875: Event occurred
1739436187,Log message 876: Event occurred
1739436188,Log message 877: Event occurred
1739436189,Log message 878: Event occurred
1739436190,Log message 879: Event occurred
1739436191,Log message 880: Event occurred
1739436192,Log message 881: Event occurred
1739436193,Log message 882: Event occurred
1739436194,Log message 883: Event occurred
1739436195,Log message 884: Event occurred
1739436196,Log message 885: Event occurred
1739436197,Log message 886: Event occurred
1739436198,Log message 887: Event occurred
1739436199,Log message 888: Event occurred
1739436200,Log message 889: Event occurred
1739436201,Log message 890: Event occurred
1739436202,Log message 891: Event occurred
1739436203,Log message 892: Event occurred
1739436204,Log message 893: Event occurred
1739436205,Log message 894: Event occurred
1739436206,Log message 895: Event occurred
1739436207,Log message 896: Event occurred
1739436208,Log message 897: Event occurred
1739436209,Log message 898: Event occurred
1739436210,Log message 899: Event occurred
1739436211,Log message 900: Event occurred
1739436212,Log message 901: Event occurred
1739436213,Log message 902: Event occurred
1739436214,Log message 903: Event occurred
1739436215,Log message 904: Event occurred
1739436216,Log message 905: Event occurred
1739436217,Log message 906: Event occurred
1739436218,Log message 907: Event occurred
1739436219,Log message 908: Event occurred
1739436220,Log message 909: Event occurred
1739436221,Log message 910: Event occurred
1739436222,Log message 911: Event occurred
1739436223,Log message 912: Event occurred
1739436224,Log message 913: Event occurred
1739436225,Log message 914: Event occurred
1739436226,Log message 915: Event occurred
1739436227,Log message 916: Event occurred
1739436228,Log message 917: Event occurred
1739436229,Log message 918: Event occurred
1739436230,Log message 919: Event occurred
1739436231,Log message 920: Event occurred
1739436232,Log message 921: Event occurred
1739436233,Log message 922: Event occurred
1739436234,Log message 923: Event occurred
1739436235,Log message 924: Event occurred
1739436236,Log message 925: Event occurred
1739436237,Log message 926: Event occurred
1739436238,Log message 927: Event occurred
1739436239,Log message 928: Event occurred
1739436240,Log message 929: Event occurred
1739436241,Log message 930: Event occurred
1739436242,Log message 931: Event occurred
1739436243,Log message 932: Event occurred
1739436244,Log message 933: Event occurred
1739436245,Log message 934: Event occurred
1739436246,Log message 935: Event occurred
1739436247,Log message 936: Event occurred
1739436248,Log message 937: Event occurred
1739436249,Log message 938: Event occurred
1739436250,Log message 939: Event occurred
1739436251,Log message 940: Event occurred
1739436252,Log message 941: Event occurred
1739436253,Log message 942: Event occurred
1739436254,Log message 943: Event occurred
1739436255,Log message 944: Event occurred
1739436256,Log message 945: Event occurred
1739436257,Log message 946: Event occurred
1739436258,Log message 947: Event occurred
1739436259,Log message 948: Event occurred
1739436260,Log message 949: Event occurred
1739436261,Log message 950: Event occurred
1739436262,Log message 951: Event occurred
1739436263,Log message 952: Event occurred
1739436264,Log message 953: Event occurred
1739436265,Log message 954: Event occurred
1739436266,Log message 955: Event occurred
1739436267,Log message 956: Event occurred
1739436268,Log message 957: Event occurred
1739436269,Log message 958: Event occurred
1739436270,Log message 959: Event occurred
1739436271,Log message 960: Event occurred
1739436272,Log message 961: Event occurred
1739436273,Log message 962: Event occurred
1739436274,Log message 963: Event occurred
1739436275,Log message 964: Event occurred
1739436276,Log message 965: Event occurred
1739436277,Log message 966: Event occurred
1739436278,Log message 967: Event occurred
1739436279,Log message 968: Event occurred
1739436280,Log message 969: Event occurred
1739436281,Log message 970: Event occurred
1739436282,Log message 971: Event occurred
1739436283,Log message 972: Event occurred
1739436284,Log message 973: Event occurred
1739436285,Log message 974: Event occurred
1739436286,Log message 975: Event occurred
1739436287,Log message 976: Event occurred
1739436288,Log message 977: Event occurred
1739436289,Log message 978: Event occurred
1739436290,Log message 979: Event occurred
1739436291,Log message 980: Event occurred
1739436292,Log message 981: Event occurred
1739436293,Log message 982: Event occurred
1739436294,Log message 983: Event occurred
1739436295,Log message 984: Event occurred
1739436296,Log message 985: Event occurred
1739436297,Log message 986: Event occurred
1739436298,Log message 987: Event occurred
1739436299,Log message 988: Event occurred
1739436300,Log message 989: Event occurred
1739436301,Log message 990: Event occurred
1739436302,Log message 991: Event occurred
1739436303,Log message 992: Event occurred
1739436304,Log message 993: Event occurred
1739436305,Log message 994: Event occurred
1739436306,Log message 995: Event occurred
1739436307,Log message 996: Event occurred
1739436308,Log message 997: Event occurred
1739436309,Log message 998: Event occurred
1739436310,Log message 999: Event occurred
1739436311,Log message 1000: Event occurred